-- ---------------------------------------------------------------------------
-- fields 初期データ（分野マスター）
-- id はコード定数 FIELD_ID_LABELS と一致させること。
-- ---------------------------------------------------------------------------
insert into fields (id, label, sort_order) values
  ('public_infrastructure', '公的機関・社会インフラ',     1),
  ('business',              '企業・ブランド・サービス',   2),
  ('tech',                  'IT・テック・Web',            3),
  ('visual_arts',           '漫画・イラスト・アート',     4),
  ('video',                 '映像作品（実写・アニメ）',   5),
  ('games',                 'ゲーム・玩具・キャラクター', 6),
  ('music',                 '音楽・声優・サウンド',       7),
  ('entertainment',         '芸能・タレント・配信',       8),
  ('publishing',            '出版・文芸',                 9),
  ('sports',                'スポーツ・公営競技',         10),
  ('local',                 '飲食・観光・地域文化',       11),
  ('fashion',               '美容・ファッション・装い',   12),
  ('lifestyle',             '探究・趣味・暮らし',         13),
  ('bot',                   'bot・定期配信',              14);

-- ---------------------------------------------------------------------------
-- old_categories 初期データ（旧 Notion 分類）
-- accounts.old_category と title で紐付ける移行期間用データ。
-- title は Notion の「分類」フィールド値と一致させること。
-- ---------------------------------------------------------------------------
insert into old_categories (id, title, sort_order, criteria) values
  ('00000001-0000-0000-0000-000000000000', '政府・省庁・国会議員', 1, ''),
  ('00000002-0000-0000-0000-000000000000', '地方自治体・地方議員', 2, ''),
  ('00000003-0000-0000-0000-000000000000', '権利・社会', 3, ''),
  ('00000004-0000-0000-0000-000000000000', '福祉・ボランティア', 4, ''),
  ('00000005-0000-0000-0000-000000000000', '教育機関', 5, ''),
  ('00000006-0000-0000-0000-000000000000', '学者・研究者・科学者', 6, ''),
  ('00000007-0000-0000-0000-000000000000', '学生活動', 7, ''),
  ('00000008-0000-0000-0000-000000000000', '気象・災害', 8, ''),
  ('00000009-0000-0000-0000-000000000000', '報道（マスメディア）', 9, ''),
  ('00000010-0000-0000-0000-000000000000', '報道（個人・その他団体）', 10, ''),
  ('00000011-0000-0000-0000-000000000000', 'ネットメディア', 11, ''),
  ('00000012-0000-0000-0000-000000000000', '水族館・動植物園', 12, ''),
  ('00000013-0000-0000-0000-000000000000', '博物館・美術館・展覧会', 13, ''),
  ('00000014-0000-0000-0000-000000000000', '美術家・芸術家', 14, ''),
  ('00000015-0000-0000-0000-000000000000', '写真・カメラ（個人・団体）', 15, ''),
  ('00000016-0000-0000-0000-000000000000', '映像制作（個人・団体）', 16, ''),
  ('00000017-0000-0000-0000-000000000000', 'アニメ（作品）', 17, ''),
  ('00000018-0000-0000-0000-000000000000', 'アニメ（個人・団体）', 18, ''),
  ('00000019-0000-0000-0000-000000000000', '漫画家・イラストレーター', 19, ''),
  ('00000020-0000-0000-0000-000000000000', '漫画作品', 20, ''),
  ('00000021-0000-0000-0000-000000000000', '小説家・作家', 21, ''),
  ('00000022-0000-0000-0000-000000000000', '出版・書店', 22, ''),
  ('00000023-0000-0000-0000-000000000000', '文房具・事務用品', 23, ''),
  ('00000024-0000-0000-0000-000000000000', '同人活動（個人・団体）', 24, ''),
  ('00000025-0000-0000-0000-000000000000', 'ゲーム（個人・団体）', 25, ''),
  ('00000026-0000-0000-0000-000000000000', 'おもちゃ', 26, ''),
  ('00000027-0000-0000-0000-000000000000', '音楽（個人・団体）', 27, ''),
  ('00000028-0000-0000-0000-000000000000', '声優', 28, ''),
  ('00000029-0000-0000-0000-000000000000', 'テレビ番組・実写映画', 29, ''),
  ('00000030-0000-0000-0000-000000000000', 'ラジオ番組・その他放送', 30, ''),
  ('00000031-0000-0000-0000-000000000000', 'タレント・モデル', 31, ''),
  ('00000032-0000-0000-0000-000000000000', '配信系', 32, ''),
  ('00000033-0000-0000-0000-000000000000', '飲食', 33, ''),
  ('00000034-0000-0000-0000-000000000000', '動物カフェ・いきものアカウント', 34, ''),
  ('00000035-0000-0000-0000-000000000000', 'キャラクター・マスコット', 35, ''),
  ('00000036-0000-0000-0000-000000000000', '観光', 36, ''),
  ('00000037-0000-0000-0000-000000000000', '交通・乗り物', 37, ''),
  ('00000038-0000-0000-0000-000000000000', '神社仏閣・宗教', 38, ''),
  ('00000039-0000-0000-0000-000000000000', '医療・ヘルスケア（個人・団体）', 39, ''),
  ('00000040-0000-0000-0000-000000000000', '美容・ファッション', 40, ''),
  ('00000041-0000-0000-0000-000000000000', '家具・インテリア', 41, ''),
  ('00000042-0000-0000-0000-000000000000', '雑貨・インテリア', 42, ''),
  ('00000043-0000-0000-0000-000000000000', 'スポーツ', 43, ''),
  ('00000044-0000-0000-0000-000000000000', 'テクノロジー（個人・団体・技術領域）', 44, ''),
  ('00000045-0000-0000-0000-000000000000', 'ネットサービス', 45, ''),
  ('00000046-0000-0000-0000-000000000000', 'その他著名人', 46, ''),
  ('00000047-0000-0000-0000-000000000000', 'その他企業・団体', 47, ''),
  ('00000048-0000-0000-0000-000000000000', 'その他サービス・作品', 48, '');

-- ---------------------------------------------------------------------------
-- moderators 初期データ
-- id-0001: 普段作業用アカウント
-- id-0002: マイグレーション記録用アカウント（submitted_by / activities に使う）
-- ---------------------------------------------------------------------------
insert into moderators (id, did, handle, display_name, is_admin) values
  (
    '00000000-0000-0000-0000-000000000001',
    'did:plc:tsvcmd72oxp47wtixs4qllyi',
    'girigiribauer.com',
    'girigiribauer',
    true
  ),
  (
    '00000000-0000-0000-0000-000000000002',
    'did:plc:3iduvlxl3yrj3dmcbslte7cy',
    'official-accounts.bsky.social',
    '公式アカウント移行まとめ',
    true
  );

-- ---------------------------------------------------------------------------
-- classifications 初期データ
-- categories.md の「初期分類」に基づく。
-- ---------------------------------------------------------------------------

-- 1 公的機関・社会インフラ (public_infrastructure)
insert into classifications (field_id, name) values
  ('public_infrastructure', '政府・省庁'),
  ('public_infrastructure', '国会議員'),
  ('public_infrastructure', '地方自治体'),
  ('public_infrastructure', '地方議員'),
  ('public_infrastructure', '気象・災害'),
  ('public_infrastructure', '報道機関'),
  ('public_infrastructure', '記者・ジャーナリスト'),
  ('public_infrastructure', '交通・インフラ'),
  ('public_infrastructure', '医療・ヘルスケア'),
  ('public_infrastructure', '大学・研究機関'),
  ('public_infrastructure', '学者・研究者（個人）'),
  ('public_infrastructure', '学術メディア');

-- 2 企業・ブランド・サービス (business)
insert into classifications (field_id, name) values
  ('business', 'メーカー・製造'),
  ('business', '食品・飲食'),
  ('business', '小売・流通・EC'),
  ('business', '金融・保険'),
  ('business', 'メディア・出版'),
  ('business', '通信・テレコム'),
  ('business', 'その他サービス');

-- 3 IT・テック・Web (tech)
insert into classifications (field_id, name) values
  ('tech', 'プログラミング・OSS'),
  ('tech', 'AI・機械学習'),
  ('tech', 'クラウド・インフラ'),
  ('tech', 'Webサービス・プロダクト'),
  ('tech', 'セキュリティ'),
  ('tech', 'テックメディア'),
  ('tech', 'エンジニア・研究者（個人）');

-- 4 漫画・イラスト・アート (visual_arts)
insert into classifications (field_id, name) values
  ('visual_arts', '漫画家・イラストレーター'),
  ('visual_arts', '漫画作品'),
  ('visual_arts', '美術家・芸術家'),
  ('visual_arts', '写真家'),
  ('visual_arts', 'ギャラリー・展覧会'),
  ('visual_arts', '同人（静止画）');

-- 5 映像作品（実写・アニメ）(video)
insert into classifications (field_id, name) values
  ('video', 'アニメ作品'),
  ('video', 'アニメ制作・スタジオ'),
  ('video', '映画・ドラマ（実写）'),
  ('video', '映像クリエイター・監督'),
  ('video', '同人（映像）');

-- 6 ゲーム・玩具・キャラクター (games)
insert into classifications (field_id, name) values
  ('games', 'ゲーム作品・タイトル'),
  ('games', 'ゲームクリエイター・開発者'),
  ('games', 'ゲーム会社'),
  ('games', 'おもちゃ・ホビー'),
  ('games', 'キャラクター・マスコット');

-- 7 音楽・声優・サウンド (music)
insert into classifications (field_id, name) values
  ('music', 'ミュージシャン・アーティスト'),
  ('music', 'バンド・グループ'),
  ('music', '声優'),
  ('music', 'ラジオ・ポッドキャスト'),
  ('music', '音楽レーベル・事務所'),
  ('music', '同人（音楽）');

-- 8 芸能・タレント・配信 (entertainment)
insert into classifications (field_id, name) values
  ('entertainment', '芸人・お笑い'),
  ('entertainment', 'タレント・モデル'),
  ('entertainment', 'VTuber'),
  ('entertainment', '配信者・ストリーマー'),
  ('entertainment', '芸能プロダクション');

-- 9 出版・文芸 (publishing)
insert into classifications (field_id, name) values
  ('publishing', '小説家・作家'),
  ('publishing', 'エッセイスト・詩人'),
  ('publishing', '出版社'),
  ('publishing', '書店'),
  ('publishing', '文芸作品');

-- 10 スポーツ・公営競技 (sports)
insert into classifications (field_id, name) values
  ('sports', '野球'),
  ('sports', 'サッカー・フットボール'),
  ('sports', 'バスケットボール'),
  ('sports', 'その他球技'),
  ('sports', '格闘技・武道'),
  ('sports', '陸上・水泳・体操等'),
  ('sports', '公営競技'),
  ('sports', 'スポーツ団体・連盟');

-- 11 飲食・観光・地域文化 (local)
insert into classifications (field_id, name) values
  ('local', '飲食店・カフェ・バー'),
  ('local', '水族館・動植物園'),
  ('local', '博物館・美術館・科学館'),
  ('local', '観光地・観光協会'),
  ('local', 'ホテル・旅館・宿泊'),
  ('local', '地域・自治体（観光発信）');

-- 12 美容・ファッション・装い (fashion)
insert into classifications (field_id, name) values
  ('fashion', 'ファッションブランド'),
  ('fashion', '美容・コスメ・スキンケア'),
  ('fashion', 'ヘアサロン・ネイル等'),
  ('fashion', 'フィットネス・スポーツジム'),
  ('fashion', '美容医療・クリニック'),
  ('fashion', 'インテリア・家具');

-- 13 探究・趣味・暮らし (lifestyle)
insert into classifications (field_id, name) values
  ('lifestyle', 'ペット・いきもの'),
  ('lifestyle', '動物カフェ'),
  ('lifestyle', '神社仏閣・寺院'),
  ('lifestyle', '文房具・ステーショナリー'),
  ('lifestyle', '料理・食・レシピ（個人）'),
  ('lifestyle', '手芸・クラフト・DIY'),
  ('lifestyle', 'アウトドア・自然'),
  ('lifestyle', 'コレクション・趣味全般');

-- 14 bot・定期配信 (bot)
insert into classifications (field_id, name) values
  ('bot', 'ニュース・情報配信'),
  ('bot', '気象・防災情報'),
  ('bot', '交通・路線情報'),
  ('bot', '定期コンテンツ・エンタメ');
